ID,Title,Reference,SKU,Slug,Collection,Has Image,Alt Text
28673,"Altitude 39 Date, Black Dial, Steel Bracelet",ALT39-DT-SS-BK-B,ALT39-DT-SS-BK-B,"altitude-39-steel-bracelet",Altitude,Yes,"Bremont Altitude 39 Date, Black Dial, Steel Bracelet at Palladio Jewellers"
28672,"Altitude 39 Date, Black Dial, Leather Strap",ALT39-DT-SS-BK-L-S,Not set,"altitude-39-black-leather-strap",Altitude,Yes,"Bremont Altitude 39 Date, Black Dial, Leather Strap at Palladio Jewellers"
28674,"Altitude 39 Date, Silver Dial, Leather Strap",ALT39-DT-SS-SI-L-S,ALT39-DT-SS-SI-L-S,"altitude-39-silver-leather-strap",Altitude,Yes,"Bremont Altitude 39 Date, Silver Dial, Leather Strap at Palladio Jewellers"
28660,"Altitude Chronograph GMT",ALT42-CHR-G-SS-BK-B,Not set,"altitude-chronograph-gmt",Altitude,Yes,"Bremont Altitude Chronograph GMT at Palladio Jewellers"
28662,"Altitude Chronograph GMT, Black Dial, Leather Strap",ALT42-CHR-G-SS-BK-L-S,ALT42-CHR-G-SS-BK-L-S,"altitude-chronograph-gmt-black-leather",Altitude,Yes,"Bremont Altitude Chronograph GMT at Palladio Jewellers"
28664,"Altitude Chronograph GMT, Silver Dial, Steel Bracelet",ALT42-CHR-G-SS-SI-B,Not set,"altitude-gmt-silver",Altitude,Yes,"Bremont Altitude Chronograph GMT, Silver Dial, Steel Bracelet at Palladio Jewellers"
28801,"Altitude MB Meteor, Black Dial, Ti Bracelet",ALT42-MT-TI-BKBK-B,ALT42-MT-TI-BKBK-B,"altitude-mb-meteor-black-dial-ti-bracelet",Altitude,Yes,"Bremont Altitude MB Meteor, Black Dial, Ti Bracelet at Palladio Jewellers"
28802,"Altitude MB Meteor, Black Dial, Leather Strap",ALT42-MT-TI-BKBK-L-S,ALT42-MT-TI-BKBK-L-S,"altitude-mb-meteor-black-dial-leather-strap",Altitude,Yes,"Bremont Altitude MB Meteor, Black Dial, Leather Strap at Palladio Jewellers"
28803,"Altitude MB Meteor, Silver Dial, Ti Bracelet",ALT42-MT-TI-SITI-B,ALT42-MT-TI-SITI-B,"altitude-mb-meteor-silver-dial-ti-bracelet",Altitude,Yes,"Bremont Altitude MB Meteor, Silver Dial, Ti Bracelet at Palladio Jewellers"
28804,"Altitude MB Meteor, Silver Dial, Leather Strap",ALT42-MT-TI-SITI-L-S,ALT42-MT-TI-SITI-L-S,"altitude-mb-meteor-silver-dial-leather-strap",Altitude,Yes,"Bremont Altitude MB Meteor, Silver Dial, Leather Strap at Palladio Jewellers"
28808,"Supermarine 300M Date Bi-Colour, Bracelet",SM40-DT-BI-BR-B,SM40-DT-BI-BR-B,"supermarine-300m-date-bi-colour-bracelet",Supermarine,Yes,"Bremont Supermarine 300M Date Bi-Colour, Bracelet at Palladio Jewellers"
28654,"Supermarine 300M Date, Black Dial, Bracelet",SM40-DT-SS-BK-B,Not set,"supermarine-300m-date-black-bracelet",Supermarine,Yes,"Bremont Bremont at Palladio Jewellers"
28656,"Supermarine 300M Date, Black Dial, Rubber Strap",SM40-DT-SS-BK-R-S,SM40-DT-SS-BK-R-S,"supermarine-300m-date-black-rubber-strap",Supermarine,Yes,"Bremont Bremont at Palladio Jewellers"
28806,"Supermarine 300M GMT "Glacier" Blue",SM40-GMT-SS-BLBK-B,SM40-GMT-SS-BLBK-B,"supermarine-300m-gmt-glacier-blue",Supermarine,Yes,"Bremont Supermarine 300M GMT "Glacier" Blue at Palladio Jewellers"
28805,"Supermarine 300M GMT "Tundra" Green",SM40-GMT-SS-GNBK-G,SM40-GMT-SS-GNBK-G,"supermarine-300m-gmt-tundra-green",Supermarine,Yes,"Bremont Supermarine 300M GMT "Tundra" Green at Palladio Jewellers"
28658,"Supermarine 300M, Blue Dial, Bracelet",SM40-ND-SS-BL-B,SM40-ND-SS-BL-B,"supermarine-300m-blue-bracelet",Supermarine,Yes,"Bremont Supermarine 300M at Palladio Jewellers"
28807,"Supermarine 300M, Green Dial, Bracelet",SM40-ND-SS-GN-B,SM40-ND-SS-GN-B,"supermarine-300m-green-dial-bracelet",Supermarine,Yes,"Bremont Supermarine 300M, Green Dial, Bracelet at Palladio Jewellers"
28646,"Supermarine Full Ceramic Tactical Black, NATO Strap",SM43-DT-BKCER-BK-N-S,SM43-DT-BKCER-BK-N-S,"supermarine-full-ceramic-tactical-black-nato-strap",Supermarine,Yes,"Bremont Bremont at Palladio Jewellers"
28648,"Supermarine 500m",SM43-DT-SS-BK-B,Not set,"supermarine-500m",Supermarine,Yes,"Bremont Bremont at Palladio Jewellers"
28650,"Supermarine 500m, Black Rubber Strap",SM43-DT-SS-BK-R-S,SM43-DT-SS-BK-R-S,"supermarine-500m-black-rubber-strap",Supermarine,Yes,"Bremont Bremont at Palladio Jewellers"
28644,"Terra Nova 38 'Pink'",TN38-ND-SS-PK-B,Not set,"terra-nova-38-pink",Terra Nova,Yes,"Bremont Bremont at Palladio Jewellers"
28689,"Terra Nova 40.5 Date",TN40-DT-SS-BK-B,TN40-DT-SS-BK-B,"terra-nova-40-5-date-2",Terra Nova,Yes,"Bremont Terra Nova at Palladio Jewellers"
28642,"Terra Nova 40.5 Date, Green Dial",TN40-DT-SS-GN-L-S,TN40-DT-SS-GN-L-S,"terra-nova-40-5-date-green-dial",Terra Nova,Yes,"Bremont Bremont at Palladio Jewellers"
28687,"Terra Nova 40.5 Jumping Hour",TN40-JH-SS-BK-B,TN40-JH-SS-BK-B,"terra-nova-40-5-jumping-hour-2",Terra Nova,Yes,"Bremont Terra Nova at Palladio Jewellers"
28685,"Terra Nova 40.5 Turning Bezel Power Reserve Black",TN40-PWR-SS-BK-L-S,TN40-PWR-SS-BK-L-S,"terra-nova-40-5-turning-bezel-power-reserve-black",Terra Nova,Yes,"Bremont Terra Nova at Palladio Jewellers"
28683,"Terra Nova 40.5 Turning Bezel Power Reserve",TN40-PWR-SS-BL-B,TN40-PWR-SS-BL-B,"terra-nova-40-5-turning-bezel-power-reserve",Terra Nova,Yes,"Bremont Terra Nova at Palladio Jewellers"
28629,"Terra Nova 42.5 Chronograph Bronze",TN42-CHR-BZ-GN-L-S,TN42-CHR-BZ-GN-L-S,"terra-nova-42-5-chronograph-bronze",Terra Nova,Yes,"Bremont Bremont at Palladio Jewellers"
28624,"Terra Nova 42.5 Chronograph, Bracelet",TN42-CHR-SS-BK-B,Not set,"terra-nova-42-5-chronograph-bracelet",Terra Nova,Yes,"Bremont Bremont at Palladio Jewellers"
28632,"Terra Nova 42.5 Chronograph, Leather Strap",TN42-CHR-SS-BK-L-S,TN42-CHR-SS-BK-L-S,"terra-nova-42-5-chronograph-leather-strap",Terra Nova,Yes,"Bremont Bremont at Palladio Jewellers"